/sitemap/sitemap-index.xml /sitemap.xml 301
/andrew/ /about/  301
/contact-andrew/ /contact/  301
/feed/ /rss.xml  301
/rss/ /rss.xml  301
/feed/index.xml /rss.xml  301
/posts/ /essays/  301
/my-resume/ /resume/  301
/radio2rt/ /radio2-rt-wordpress-plugin/ 301
/2017/03/06/best-way-inject-logger/ /essays/what-is-the-best-way-to-inject-a-logger/  301
/2018/09/26/how-to-build-a-time-tracking-app-in-react/ /essays/how-to-build-a-time-tracking-app-in-react/  301
/2018/06/28/ionic-4-and-mobx/ /essays/ionic-4-and-mobx/  301
/2011/05/26/what-does-it-mean-to-have-character/ /essays/what-does-it-mean-to-have-character/  301
/2016/11/04/best-git-workflow-small-teams/ /essays/what-is-the-best-git-branching-strategy-for-small-teams/  301
/2017/06/10/develop-laravel-homestead/ /essays/how-to-develop-with-laravel-homestead/  301
/2017/05/02/best-way-handle-sessions-adr/ /essays/what-is-the-best-way-to-handle-sessions-with-adr/  301
/2016/09/21/radar-under-the-hood/ /essays/radar-under-the-hood/  301
/2016/10/14/collecting-data-from-atlas-orm-with-php-debug-bar/ /essays/collecting-data-from-atlas-orm-with-php-debug-bar/  301
/2015/06/03/what-is-rsscloud/ /essays/what-is-rsscloud/  301
/2013/08/16/future-of-php/ /essays/the-future-of-php-and-javascript/  301
/2016/10/10/complex-database-relationships-with-atlasorm/ /essays/complex-database-relationships-with-atlasorm/  301
/2016/10/18/tracking-multiple-connections-php-debug-bar-atlas-orm/ /essays/tracking-multiple-connections-with-php-debug-bar-and-atlas-orm/  301
/2016/12/31/psr-7-objects-immutable/ /essays/psr-7-objects-could-be-immutable/  301
/2011/03/29/nofollow-links/ /essays/nofollow-links/  301
/2017/05/25/best-way-use-domainsession-command-line-environment/ /essays/what-is-the-best-way-to-use-domainsession-in-a-command-line-environment/  301
/2015/12/17/getting-started-radar/ /essays/getting-started-with-radar/  301
/2016/10/22/using-action-domain-responder-command-line/ /essays/using-action-domain-responder-on-the-command-line/  301
/2016/09/23/discovering-clean-architecture/ /essays/discovering-clean-architecture/  301
/2016/10/20/introducing-cadre-module/ /essays/introducing-cadremodule/  301
/2014/06/25/running-river4-with-forever/ /essays/running-river4-with-forever/  301
/2015/06/02/rebooting-rsscloud/ /essays/rebooting-rsscloud/  301
/2016/11/09/be-the-change/ /essays/be-the-change/  301
/2016/12/20/can-colonize-mars/ /essays/how-can-we-colonize-mars/  301
/2016/09/28/symfony-forms-and-radar-part-2/ /essays/symfony-forms-and-radar-part-2/  301
/2012/03/16/rt-proxy/ /essays/rt-proxy/  301
/2013/08/07/triggering-safari-reader/ /essays/triggering-safari-reader/  301
/2014/01/29/lightswitches-ocd/ /essays/lightswitches-and-ocd/  301
/2014/08/14/how-to-be-polite/ /essays/how-to-be-polite/  301
/2015/05/23/facebook-comments/ /essays/facebook-comments/  301
/2015/05/26/feel-better-tomorrow/ /essays/will-this-make-me-feel-better-tomorrow/  301
/2015/07/07/uncertainty-death/ /essays/uncertainty-about-death/  301
/2016/09/16/futureproof-your-code/ /essays/futureproof-your-code/  301
/2016/09/26/symfony-forms-radar/ /essays/symfony-forms-and-radar-part-1/  301
/2013/11/23/figuring-out-silex-securityserviceprovider/ /essays/figuring-out-silex-securityserviceprovider/  301
/2012/06/14/php-functions-on-the-fly/ /essays/php-functions-on-the-fly/  301
/2015/05/01/laravel-utcmodel/ /essays/laravel-utc-model/  301
/2013/07/16/ynab-budget/ /essays/my-ynab-budget/  301
/2006/09/12/phpdb-works-2006/ /essays/php-db-works-2006/  301
/2011/02/18/giving-up-on-web-ownership/ /essays/giving-up-on-web-ownership/  301
/2011/02/23/escaping-corporate-silos-with-wordpress/ /essays/escaping-corporate-silos-with-wordpress/  301
/2011/03/17/data-minimalism/ /essays/data-minimalism/  301
/2015/02/02/php55-vs-hhvm/ /essays/php-55-vs-hhvm/  301
/2016/01/15/jumping-in-with-php-7/ /essays/jumping-in-with-php-7/  301
/2016/10/04/lazyarray-officially-part-of-aura-di/ /essays/lazyarray-officially-part-of-auradi/  301
/2021-02/24/personal-productivity-through-the-lens-of-executive-functions/ /personal-productivity-through-the-lens-of-executive-functions/ 301
/first-php-meetup/ /essays/first-php-meetup/ 301
/php-db-works-2006/ /essays/php-db-works-2006/ 301
/php-works-2006/ /essays/php-works-2006/ 301
/a-brief-history-of-me-programming/ /essays/a-brief-history-of-me-programming/ 301
/drains-of-canada-an-interview-with-michael-cook/ /essays/drains-of-canada-an-interview-with-michael-cook/ 301
/yahoo-and-the-semantic-web/ /essays/yahoo-and-the-semantic-web/ 301
/php-frameworks-are-governments/ /essays/php-frameworks-are-governments/ 301
/how-do-you-know-what-you-stand-for/ /essays/how-do-you-know-what-you-stand-for/ 301
/kickstart-madison-coworking/ /essays/kickstart-madison-coworking/ 301
/interview-with-greg-tracy/ /essays/interview-with-greg-tracy/ 301
/rss-flipboard-and-me/ /essays/rss-flipboard-and-me/ 301
/expanding-your-passion/ /essays/expanding-your-passion/ 301
/conflict-with-minimalism/ /essays/conflict-with-minimalism/ 301
/interview-with-ryan-healy-and-ryan-paugh/ /essays/interview-with-ryan-healy-and-ryan-paugh/ 301
/structured-data-via-rss/ /essays/structured-data-via-rss/ 301
/technology-delegation-vs-abdication/ /essays/technology-delegation-vs-abdication/ 301
/what-would-you-do-with-60-hours/ /essays/what-would-you-do-with-60-hours/ 301
/putting-your-life-on-autopilot/ /essays/putting-your-life-on-autopilot/ 301
/are-you-suffering-from-news-poisoning/ /essays/are-you-suffering-from-news-poisoning/ 301
/rebooting-the-news-86/ /essays/rebooting-the-news-86/ 301
/data-minimalism/ /essays/data-minimalism/ 301
/shipping-is-scary/ /essays/shipping-is-scary/ 301
/following-outside-of-twitter/ /essays/following-outside-of-twitter/ 301
/developers-and-the-growth-mindset/ /essays/developers-and-the-growth-mindset/ 301
/what-does-it-mean-to-have-character/ /essays/what-does-it-mean-to-have-character/ 301
/rock-it-at-work-start-a-group/ /essays/rock-it-at-work-start-a-group/ 301
/digital-decentralism/ /essays/digital-decentralism/ 301
/apple-and-the-future-of-tv/ /essays/apple-and-the-future-of-tv/ 301
/rt-proxy/ /essays/rt-proxy/ 301
/world-outline-podcast-7/ /essays/world-outline-podcast-7/ 301
/introducing-doccloud-using-rss-cloud-for-more-then-just-rss/ /essays/introducing-doccloud-using-rss-cloud-for-more-then-just-rss/ 301
/php-functions-on-the-fly/ /essays/php-functions-on-the-fly/ 301
/dead-drops-how-to/ /essays/dead-drops-how-to/ 301
/a-better-social-news-experience/ /essays/a-better-social-news-experience/ 301
/joining-hyperboria/ /essays/joining-hyperboria/ 301
/heart-surgery/ /essays/heart-surgery/ 301
/fourth-of-july-in-new-house/ /essays/fourth-of-july-in-new-house/ 301
/can-you-be-a-reading-roll-model-with-an-ipad/ /essays/can-you-be-a-reading-roll-model-with-an-ipad/ 301
/improving-my-code/ /essays/improving-my-code/ 301
/the-future-of-php-and-javascript/ /essays/the-future-of-php-and-javascript/ 301
/building-a-better-meetup/ /essays/building-a-better-meetup/ 301
/what-is-a-social-network/ /essays/what-is-a-social-network/ 301
/figuring-out-silex-securityserviceprovider/ /essays/figuring-out-silex-securityserviceprovider/ 301
/identifying-my-priorities/ /essays/identifying-my-priorities/ 301
/facebook-comments/ /essays/facebook-comments/ 301
/rebooting-rsscloud/ /essays/rebooting-rsscloud/ 301
/what-is-rsscloud/ /essays/what-is-rsscloud/ 301
/getting-started-with-radar/ /essays/getting-started-with-radar/ 301
/futureproof-your-code/ /essays/futureproof-your-code/ 301
/radar-under-the-hood/ /essays/radar-under-the-hood/ 301
/discovering-clean-architecture/ /essays/discovering-clean-architecture/ 301
/complex-database-relationships-with-atlasorm/ /essays/complex-database-relationships-with-atlasorm/ 301
/collecting-data-from-atlas-orm-with-php-debug-bar/ /essays/collecting-data-from-atlas-orm-with-php-debug-bar/ 301
/tracking-multiple-connections-with-php-debug-bar-and-atlas-orm/ /essays/tracking-multiple-connections-with-php-debug-bar-and-atlas-orm/ 301
/introducing-cadremodule/ /essays/introducing-cadremodule/ 301
/using-action-domain-responder-on-the-command-line/ /essays/using-action-domain-responder-on-the-command-line/ 301
/what-is-the-best-git-branching-strategy-for-small-teams/ /essays/what-is-the-best-git-branching-strategy-for-small-teams/ 301
/what-is-the-best-way-to-inject-a-logger/ /essays/what-is-the-best-way-to-inject-a-logger/ 301
/understanding-javascript-object-references/ /essays/understanding-javascript-object-references/ 301
/feeling-school-nostalgia/ /essays/feeling-school-nostalgia/ 301
/updating-rsscloud-server/ /essays/updating-rsscloud-server/ 301
/music-media-and-mood/ /essays/music-media-and-mood/ 301
/re-thinking-blogs/ /essays/re-thinking-blogs/ 301
/little-outliner-and-rsscloud/ /essays/little-outliner-and-rsscloud/ 301
/my-thoughts-about-rsscloud/ /essays/my-thoughts-about-rsscloud/ 301
/free-standing-rsscloud-testing-tool/ /essays/free-standing-rsscloud-testing-tool/ 301
/how-frontier-got-started/ /essays/how-frontier-got-started/ 301
/philosophy-in-re-rss-20/ /essays/philosophy-in-re-rss-20/ 301
/developing-better-developers/ /essays/developing-better-developers/ 301
/my-growing-thinktank-collection/ /essays/my-growing-thinktank-collection/ 301
/fediverse-of-federated-things/ /essays/fediverse-of-federated-things/ 301
/linked-data-and-the-semantic-web/ /essays/linked-data-and-the-semantic-web/ 301
/alternate-linked-data-syntax/ /essays/alternate-linked-data-syntax/ 301
/the-federated-world-tesseract/ /essays/the-federated-world-tesseract/ 301
/async-await-for-callback-users/ /essays/async-await-for-callback-users/ 301
/personal-productivity-through-the-lens-of-executive-functions/ /essays/personal-productivity-through-the-lens-of-executive-functions/ 301
/douglas-engelbart-and-linked-data/ /essays/douglas-engelbart-and-linked-data/ 301
/avoiding-the-final-death/ /essays/avoiding-the-final-death/ 301
/fedwiki-demo/ /essays/fedwiki-demo/ 301
/my-ipad-setup/ /essays/my-ipad-setup/ 301
/why-im-shipping-30-for-30/ /essays/why-im-shipping-30-for-30/ 301
/letting-go-of-toxic-stories/ /essays/letting-go-of-toxic-stories/ 301
/20-questions-for-overcoming-procrastination/ /essays/20-questions-for-overcoming-procrastination/ 301
/8-steps-to-decide-project-priorities/ /essays/8-steps-to-decide-project-priorities/ 301
/the-3-enemies-of-shipping/ /essays/the-3-enemies-of-shipping/ 301
/the-importance-of-margins/ /essays/the-importance-of-margins/ 301
/teaching-is-an-unfair-advantage/ /essays/teaching-is-an-unfair-advantage/ 301
/are-you-productive/ /essays/are-you-productive/ 301
/5-ways-to-leverage-your-subconscious-mind/ /essays/5-ways-to-leverage-your-subconscious-mind/ 301
/aligning-with-success/ /essays/aligning-with-success/ 301
/my-favorite-useful-and-weird-book/ /essays/my-favorite-useful-and-weird-book/ 301
/margin-helps-you-accomidate-life/ /essays/margin-helps-you-accomidate-life/ 301
/you-need-a-goal-funnel/ /essays/you-need-a-goal-funnel/ 301
/lead-vs-lag-metrics/ /essays/lead-vs-lag-metrics/ 301
/validate-your-lead-metrics/ /essays/validate-your-lead-metrics/ 301
/changing-direction/ /essays/changing-direction/ 301
/feedback-loops/ /essays/feedback-loops/ 301
/why-i-use-a-daily-log/ /essays/why-i-use-a-daily-log/ 301
/how-to-make-intentional-choices/ /essays/how-to-make-intentional-choices/ 301
/dont-burn-out-level-up/ /essays/dont-burn-out-level-up/ 301
/dont-fight-inertia/ /essays/dont-fight-inertia/ 301
/goal-brainstorming/ /essays/goal-brainstorming/ 301
/small-pieces-loosely-joined/ /essays/small-pieces-loosely-joined/ 301
/finding-clarity-in-why/ /essays/finding-clarity-in-why/ 301
/how-to-get-things-done/ /essays/how-to-get-things-done/ 301
/my-3-favorite-productivity-books/ /essays/my-3-favorite-productivity-books/ 301
/fostering-confidence/ /essays/fostering-confidence/ 301
/my-weekly-checklist/ /essays/my-weekly-checklist/ 301
/dont-ask-for-permission/ /essays/dont-ask-for-permission/ 301
/thats-all-folks/ /essays/thats-all-folks/ 301
/andrew-shell-headshot-1/ /essays/andrew-shell-headshot-1/ 301
/webfinger-for-activitypub-feed-discovery/ /essays/webfinger-for-activitypub-feed-discovery/ 301
/goals-vs-systems/ /essays/goals-vs-systems/ 301
/fitness-goals/ /essays/fitness-goals/ 301
/how-to-build-a-time-tracking-app-in-react/ /essays/how-to-build-a-time-tracking-app-in-react/ 301
/voicemailcast-20200218/ /essays/voicemailcast-for-feb-18-2020/ 301
/deep-plan/ /notes/deep-life-stack/ 301
/notes/deep-plan/ /notes/deep-life-stack/ 301
